,EWS_DaysToThreat,rfr_0_t0,rfr_0_t1,rfr_0_t2,rfr_1_t0,rfr_1_t1,rfr_1_t2,rfr_2_t0,rfr_2_t1,rfr_2_t2,rfr_3_t0,rfr_3_t1,rfr_3_t2,rfr_4_t0,rfr_4_t1,rfr_4_t2,A1_DikeIncrease_t0,A1_DikeIncrease_t1,A1_DikeIncrease_t2,A2_DikeIncrease_t0,A2_DikeIncrease_t1,A2_DikeIncrease_t2,A3_DikeIncrease_t0,A3_DikeIncrease_t1,A3_DikeIncrease_t2,A4_DikeIncrease_t0,A4_DikeIncrease_t1,A4_DikeIncrease_t2,A5_DikeIncrease_t0,A5_DikeIncrease_t1,A5_DikeIncrease_t2,A4_Expected_Annual_Damage,A4_Expected_Number_of_Deaths,Total_Infrastructure_Costs,Total_Expected_Annual_Damage,Total_Expected_Number_of_Deaths
0,3,0,0,0,0,0,0,0,0,0,0,0,0,0,0,0,0,0,0,0,0,0,3,0,0,0,0,0,2,0,0,0,0,51776262.41901662,39121995.89313403,0.003984205210527086
1,4,0,0,0,0,0,0,0,0,0,0,0,0,0,0,0,0,0,0,0,0,0,3,0,0,1,0,0,2,0,0,0,0,58097062.72868286,37808621.76864368,0.003908449512588385
2,3,0,0,0,0,0,0,0,0,0,0,0,0,0,0,0,0,0,0,0,0,0,2,0,0,0,0,0,2,0,0,0,0,49746048.166458994,55293230.44417417,0.007051046045657258
3,4,0,0,0,0,0,0,0,0,0,0,0,0,0,0,0,0,0,0,0,0,0,4,0,0,1,0,0,2,0,0,0,0,60302409.819627926,36674750.99039746,0.0036921478302800927
4,3,0,0,0,0,0,0,0,0,0,0,0,0,0,0,0,0,0,0,0,0,0,4,0,0,0,0,0,2,0,0,0,0,53981609.50996168,37988125.11488781,0.003767903528218794
5,3,0,0,0,0,0,0,0,0,0,0,0,0,0,0,0,0,0,0,0,0,0,0,0,0,0,0,0,2,0,0,0,0,27578229.96765524,156410452.47196534,0.025895588769412538
6,3,0,0,0,0,0,0,0,0,0,0,0,0,0,0,0,0,0,0,0,0,0,1,0,0,0,0,0,2,0,0,0,0,47877517.59497593,107589430.90075305,0.01686085316554912
7,3,0,0,0,0,0,0,0,0,0,0,0,0,0,0,0,0,0,0,0,0,0,0,0,0,1,0,0,2,0,0,0,0,33899030.27732149,155273287.79108438,0.02583012559236919
8,3,0,0,0,0,0,0,0,0,0,0,0,0,0,0,0,0,0,0,0,0,0,0,0,0,0,0,0,1,0,0,0,0,25037214.086173728,174049872.9788006,0.027566209942115352
9,3,0,0,0,0,0,0,0,0,0,0,0,0,0,0,0,0,0,0,1,0,0,3,0,0,1,0,0,3,0,0,0,0,99115480.75517166,16627081.480535667,0.0018023146032264319
10,3,0,0,0,0,0,0,0,0,0,0,0,0,0,0,0,0,0,0,1,0,0,4,0,0,0,0,0,3,0,0,0,0,95000027.53645048,20107051.042675517,0.0018548172656940567
11,3,0,0,0,0,0,0,0,0,0,0,0,0,0,0,0,0,0,0,0,0,0,3,0,0,0,0,0,0,0,0,0,0,24198032.45136138,231175215.7700502,0.022036663446375695
12,3,0,0,0,0,0,0,0,0,0,0,0,0,0,0,0,0,0,0,1,0,0,3,0,0,0,0,0,3,0,0,0,0,92794680.44550541,21240921.820921727,0.002071118948002349
13,3,0,0,0,0,0,0,0,0,0,0,0,0,0,0,0,0,0,0,0,0,0,2,0,0,0,0,0,1,0,0,0,0,47205032.28497748,123961408.96247403,0.01355665697325348
14,4,0,0,0,0,0,0,0,0,1,0,0,0,0,0,0,0,0,0,0,0,0,2,0,0,0,0,0,3,0,0,0,0,83219344.24118373,27136167.769101355,0.0026060287302395683
15,3,0,0,0,0,0,0,0,0,0,0,0,0,0,0,0,0,0,0,0,0,0,2,0,0,0,0,0,0,0,0,0,0,22167818.198803753,247346450.32109034,0.025103504281505866
16,3,0,0,0,0,0,0,0,0,0,0,0,0,0,0,0,0,0,0,3,0,0,4,0,0,2,0,0,5,0,0,0,0,118254835.16522282,0.0,0.0
17,3,0,0,0,0,0,0,0,0,0,0,0,0,0,0,0,0,0,0,0,0,0,0,0,0,0,0,0,0,0,0,0,0,0.0,318224991.6090112,0.04105944035696856
18,3,0,0,0,0,0,0,0,0,0,0,0,0,0,0,0,0,0,0,3,0,0,4,0,0,0,0,0,4,0,0,0,0,107623195.66260365,6270254.866169436,0.00037513528291813035
19,4,0,0,0,0,0,0,0,0,0,0,0,0,0,0,0,0,0,0,0,0,0,1,0,0,0,0,0,0,0,0,0,0,20299287.62732069,299642650.7776692,0.03491331140139773
20,3,0,0,0,0,0,0,0,0,0,0,0,0,0,0,0,0,0,0,1,0,0,4,0,0,1,0,0,3,0,0,0,0,101320827.84611672,15493210.702289455,0.0015860129209181394
21,4,0,0,0,0,0,0,0,0,0,0,0,0,0,0,0,0,0,0,0,0,0,0,0,0,1,0,0,0,0,0,0,0,6320800.309666242,317087826.92813027,0.040993977179925215
22,3,0,0,0,0,0,0,0,0,0,0,0,0,0,0,0,0,0,0,2,0,0,4,0,0,0,0,0,4,0,0,0,0,102598911.77100134,10861116.046929883,0.0008511939034955855
23,3,0,0,0,0,0,0,0,0,0,0,0,0,0,0,0,0,0,0,3,0,0,4,0,0,1,0,0,4,0,0,0,0,113943995.9722699,1506860.141643409,9.344473552441142e-05
24,3,0,0,0,0,0,0,0,0,1,0,0,0,0,0,0,0,0,0,0,0,0,2,0,0,1,0,0,3,0,0,0,0,89540144.55084997,24419737.821780685,0.002449335190045534
25,3,0,0,0,0,0,0,0,0,0,0,0,0,0,0,0,0,0,0,2,0,0,4,0,0,1,0,0,4,0,0,0,0,108919712.08066759,5921511.87879448,0.0005592108352065132
